GAT,2
5,29
MEDA,3
DNL,62
20â”†920,52
MPD),14
BTC,39
ETH,43
XRP,9
STORY,27
Câ€¦,1
DPS,1
2,6
STEAMX,11
MNG,29
DGAT),1
DGAT,1
SHIB,37
MEGALAND,46
STX,1
LTC,14
CHZ,12
SOL/,10
POODL,37
ANGLE,1
DGE,2
DGG,2
LUNA,6
MATIC,6
CAKE,9
OGN,2
PNODE,2
TKY,2
TDP,4
XLQ,2
WTC,2
SKY,2
RLC,2
RHOC,2
END,1
DOGE,12
LUFFY,5
FEG,19
NBL,64
"CRO,",1
"INJ,",1
"SAND,",3
"BNB,",1
"LINK""",1
BNB,7
LINK,5
CRO,21
SAND,3
INJ,1
JAM,3
HBAR,3
TRX,6
STRAT,2
SNM,2
VTC,2
VIA,2
UBQ,2
BRICKS,2
HOWLX),8
WOOF,1
TSUGA,3
DSCðŸš€,2
TCT,2
SOY,9
MAZE,16
AXS,6
USDT,6
HEROS,4
ACH,3
HOT,2
HOT.X,1
ETH.X,1
Eâ€¦,1
DXY,2
BEACH,2
TLM,2
ASM,2
FET,2
GALA,2
CELR,4
COTI,6
SOL,7
FIL,2
QNT,2
ADA,23
NU,2
IOTA,2
TFUEL,2
RUNE,2
ANKR,2
FTM,4
STPT,2
ALGO,4
RSR,5
IDEX,2
BEZOGE,1
NARO,1
JEWEL,4
TIME,2
SAIL,2
GSAIL,2
XVG,2
OLY,2
CGAZ,4
REAL,2
VST,1
DOM),6
PHUN.,5
KOIN,2
"MANA,",2
"WAX,",2
LTO,2
KAKA,6
VRA,4
TRIAS,2
SAITO,2
FLOKI,2
ELON,2
UNI,4
FLUX,1
6BN,2
NIOX,2
COSM,2
USD,2
"LUNA,",3
CBX,2
IOTX.â€¦,2
IMX,4
METAR,2
"ZEN,",4
BUGG,6
TOMO?,2
"FEG,",1
"ROX,",1
MONSTA,3
HEYY,2
GM,2
GN,2
MBS,3
$,2
HWLX,64
SHIBAFLOKI?,17
1,21
BRIGHT,4
CLIST,6
ALTS,5
PING,2
EGLD,5
MEX,4
EBOX,2
KLEE!!!!,2
WQT,5
ECG,3
NFTART,5
SNOOD,1
CRWNY,2
SHIBARMY,2
BR(BOHR),2
SAITA,3
LEASH,2
BONE,2
HOKK,2
QUACK,2
IGNIS,2
MXS.Xâ€¦,2
INARI,4
SKL,2
OIL,2
"KDA,",2
"FLUX,",2
XCM,4
FBRO,1
CSHI,1
MYCTY,1
BLOK,2
PI,2
"SL...""",2
SLR,2
WAGMI,2
SCLP,2
UBSN,2
EYE,2
FLOW,2
LCX,2
BTC:,2
BCH:,2
XRP:,2
ETH:,2
LTC:,2
ETC:,2
EOS:,2
DASH:,2
ZEC:,2
XMR:,2
XLM:,2
USDT:,2
"SLICE,",2
POSI,4
1BILLION,2
$$ETH,2
"PNODE,",2
DYP,1
SQM!!!,2
PKN,1
NSAV,1
HDV,8
LORDA),4
DOBO,2
DOT,2
KSM,2
VET,2
MINA,2
XMR,2
EOS,2
ETC,2
POGO,1
POGO:,1
ZEN,3
"ATOM,",1
"OSMO,",1
"SCRT,",1
TRY,1
PYR,4
WILD.,4
SE,1
MSFT,1
ABNB,1
SPCE,1
RDFN,1
OPEN,1
â€¦,1
VETðŸ˜›,2
ALU,2
RSR...AND,1
INSUR,1
BMI,1
DON,1
BBANK,1
NXM,1
RDX,1
DASH,1
